iTkMpNPyTXPewCpAVSBD@foo.com,mRQvaUIainfXdMjmaB-540
OvOxpafVwhvTvyqc98RN@foo.com,LauotoNxqPTZnrXYaB-703
rp0dvHjT9N3GTWSgjoMV@foo.com,hkzvcbbRhqZldkoMaB-293
aOzlE6yK4azlShviRhsH@foo.com,UFCJcwywiAIaEMCEaB-392
6uZdVkYIcZGBDmXU6vNh@foo.com,NUjaVuzLbTMmUuXGaB-387
rHQNErUuvxgx5Q8oy982@foo.com,vgnupYHDIxCyWTZtaB-279
v0vLBLuKTIJ4kJ1csvp7@foo.com,wJhObKUvDGGlTBmOaB-935
scRKfELpYPMrR9Hc9M7E@foo.com,fskgDjeGpVwYYklNaB-807
x0XILsP10I4TddPTZwi4@foo.com,VrkiGFPESVnTNVJBaB-693
4reLlFnF4sBmRcEXwJ7r@foo.com,SMlJfbgJmNtCdwvfaB-503
